{"cameraMode":{"drawMode":0,"name":"Shaded","section":"Shading Mode"},"sceneLighting":true,"audioPlay":false,"sceneViewState":{"showFog":true,"showMaterialUpdate":false,"showSkybox":true,"showFlares":true,"showImageEffects":true,"showParticleSystems":true},"in2DMode":false,"pivot":{"x":338.2955322265625,"y":247.50401306152345,"z":-1.71807861328125},"rotation":{"x":-0.000013499979104381055,"y":0.9999853372573853,"z":-0.0029999662656337024,"w":-0.004499968606978655},"size":627.1990356445313,"orthographic":false}