{"cameraMode":{"drawMode":0,"name":"Shaded","section":"Shading Mode"},"sceneLighting":false,"audioPlay":false,"sceneViewState":{"showFog":true,"showMaterialUpdate":false,"showSkybox":true,"showFlares":true,"showImageEffects":true,"showParticleSystems":true},"in2DMode":false,"pivot":{"x":-2.340062141418457,"y":1.047925591468811,"z":-1.4126719236373902},"rotation":{"x":0.15365560352802277,"y":0.31442737579345705,"z":-0.05165347456932068,"w":0.9353384971618652},"size":1.250514268875122,"orthographic":false}